,ID,Comment,Date,label
0,ssbu,짤렸지만 광희 우체통 아이디어도 되게 신박했음똑같이 생긴 우체통 옆에다 두기그런데 아무도 안 와서 잊혀짐 ㅋㅋ,2021. 1. 23.,악플
1,윤석주,"하하의 욕받이 희생으로 주나형은 쇼미더머니,자연인,북극곰,롤러코스터 5번 연속타기를 실행하게 된다ㅋㅋㅋㅋ 1년안에 다실행시킨 제작진과 준하형도 대단하고, 저때 토토드나 예고제 몰카도 진행했으면 더 대박났을듯",2021. 1. 23.,악플
2,얼린슈,홍철이 있었으면 신박한 아이디어들 엄청 쏟아졌을듯ㅋㅋㅋㅋㅋ,2021. 1. 23.,악플
3,박호준,이때 진짜 레전드 였지 ㅋㅋ건설중인 롯데타워 가고 ㅋㅋ아쿠아리움에 ㅋㅋ암벽 클라이밍 우체통 많은곳 복싱장에 서로 못하는거 잘 알고있는 무도 ㅋㅋ,2021. 1. 23.,악플
4,1234,ㅋㅋㅋ저때 간만에 하하 엄청 얄밉고 쩌리짱 불쌍했음ㅋㅋㅋㅋㅋㅋㅋ 티비 속으로 들어가서 쩌리짱한테 편지 다시 확인하라고 말해주고 싶은 마음ㅋㅋㅋ 덕분에 재밌는 그림 나오긴 했지만ㅋㅋㅋ,2021. 1. 23.,악플
5,안용복,정말 하하가 자기 한몸 바쳐가며 MC민지를 탄생시켰지 설마설마햇는데 진짜 쇼미더 머니 예선나가서 쌈디 앞에서 랩을 하는MC민지 레스풱ㅎㅎㅎ,2021. 1. 23.,악플
6,토순찌,무도 13년치 몰아서 정주행 중인데ㅋㅋㅋㅋㅋ 하나 같이 다 주옥 같다ㅋㅋㅋ아껴 놓고 밥 먹을때만 꺼내서 봐야겠다,2021. 1. 23.,악플
7,김현근 | ERICA 광고홍보학과 ­,한때 정말 좋아했던 무한도전 프로그램. 다시봐도 역시나 너무 재미있네요. 저 멤버들이 다시 모이는 날이 어서 빨리 왔으면 좋겠습니다.정말 무한도전은 저한테 좋은 추억으로 남아있습니다. 당시 기획 하셨던 김태호 PD님을 비롯해서 모든 PD님 정말 대단하다고 느껴집니다.그리고 유재석님을 비롯한 많은 출연진들 너무 재미있게 잘봤습니다.앞으로도 멤버들 항상 응원할게요. 화이팅입니다. 역대최고프로그램 무한도전.,2021. 1. 23.,긍정
8,페리,13:30 진짜 듬직하다 ㅋㅋㅋㅋㅋㅋㅋㅋㅋ 한번 올라가는 것도 아니고 저기서 일하는건데 넘 용감하심 나라면 죽어도 못 해,2021. 1. 23.,악플
9,김수빈,정준하가 안긴 분 자막 개웃김 ㅋㅋㅋ 귀엽긴️ 자막 모임 ㅋㅋㅋ,2021. 1. 23.,악플
10,Uaena I,유느님의 20대 아이돌 뺨치는 댄스실력과 핏을 볼수 있는 댄싱킹 무대를 볼수있었던데에는 광희의 공이 너무나도컸다,2021. 1. 23.,악플
11,안민선,아니 광희가 우체국 놔두는거 잘렸네...놔두고 스스로 뿌듯해하는거 나름 재미였는데ㅠ,2021. 1. 23.,악플
12,ᄋᄋ,노홍철이 있었으면 우체통 한강 뛰어들었을 때 나중에 반드시 재회한다고 했던 굴뚝 같이 생긴데 놓지 않았을까 ㅋㅋㅋ,2021. 1. 23.,부정
13,hyeok S,내가 받는 행운의 편지는 무한도전이 다시 방송된다는 편지 이길...,2021. 1. 23.,긍정
14,Uaena I,하하가 노찌롱 몫 다하려고 노력했었네ㅋㅋㅋㅋㅋ ㄹㅇ사기꾼,2021. 1. 23.,악플
15,블루,유느 대단하면서도 멋지시다ㅋㅋ,2021. 1. 23.,긍정
16,오이오이,와.. 이거 보는데 발에 땀이 엄청 남ㅋㅋㅋㅋㅋ 보기만해도 무섭다..ㅠㅠ,2021. 1. 23.,악플
17,1234,"광희도 신선한 아이디어였고, 유재석이 상상 이상으로 잘해줘서 재밌게 봤는데 본방 보던 사람들은 알거임. 행운의 편지랑 댄싱킹 때 광희 욕 엄청 들어서 안타까웠음. 가뜩이나 바쁜 유재석 더 바쁘게 한다고... 덕분에 유재석의 무궁무진한 가능성을 볼 수 있었는데 광희는 욕만 먹어서 마음 아팠음ㅜㅜㅜㅜㅜㅜ",2021. 1. 23.,악플
18,S Choi,12:33 난 정중하 겁먹을 때 저 톤이랑 호들갑이 너무 웃김 ㅋㅋㅋㅋㅋㅋ진짜 ㅋㅋㅋ왜케 웃기냐,2021. 1. 23.,악플
19,Just helen,이때 진짜 정준하 대상 탔으면 했는데 .....,2021. 1. 23.,악플
20,Doto Jambo,15:04 자꾸 말놓으시는 쓰앵님 ㅋㅋㅋㅋ 준하 귀여워하시는건가 ㅋㅋ,2021. 1. 23.,긍정
21,Doto Jambo,13:49 이때 아니면 언제보려구~️️ㅋㅋㅋㅋ완전 연인모드,2021. 1. 23.,악플
22,박순호,여기서는 짤렸지만 광희는 우편박물관에 숨긴 이유가분명 내가 알기로는 우체통이 다 빨개니까 못 알아볼거라 해서 간 걸로 알고 있는데...,2021. 1. 23.,악플
23,이동선,14:48 인사성이 좋으시네요,2021. 1. 23.,긍정
24,차우진,어릴 때 봤을땐 몰랐는데 멤버들 옷 다 스파이더에다가 암벽 등반장 나오는거 보니까 스파이더 협찬이었네ㅋㅋㅌㅌㅋㅋㅋㅋ,2021. 1. 23.,악플
25,예슬,13:55 귀엽긴ㅋㅌㅋㅌㅋㅋㅋㅋㅋㅋㅋㅋㅋㅋㅋㅋㅋㅋㅋㅋㅋㅋㅋㅌㅋㅋㅋㅋㅋㅋ,2021. 1. 23.,악플
26,Dong Dong,진짜 고소공포증 심한 사람으로서고층건물에서 일하시는 분들 존경 ㄷㄷ...딱 엘베에서 내리는 순간 발 디디는 순간 뭔가 건물이 흔들~흔들~하는게느껴지면서 소름이 쫘악하고 어후.. 생각하기 싫다 ㅋㅋ,2021. 1. 23.,악플
27,플라잉펭귄,이떄 노홍철 있었으면 정준하가 연말에 대상받을 수 있었을텐데,2021. 1. 23.,악플
28,이글이글,이젠 무도없으면 혼자 밥을 못먹음..ㄷㄷ,2021. 1. 23.,부정
29,두리두밥 :DUBAB,아니 정준하는ㅠ 너무 쉬운데 둔거 아니냐궄ㅋㅋ 자기는 고생다하면서ㅋㅋㅋㅋㅋㅋ,2021. 1. 23.,악플
30,무야호,14:04 어우 대단하셔 ㅋㅋㅋㅋㅋㅋㅋㅋㅋ 우오오우 으아아 ㅋㅋㅋㅋㅋㅋ,2021. 1. 23.,긍정
31,박태영,ㅋㅋㅋㅋ사람마음이 어떻게 다 똑같지,2021. 1. 23.,악플
32,Jungrylls,롯데타워 직원분 홍보 잘하네 ㅋㅋㅋ,2021. 1. 23.,악플
33,파인애플은 싱링해야지,높은곳 처음에는 무서워도 적응 되더라구요..5미터 위도 무서운데 39미터 위에서50미터 위에서 올라갈수록 다시무서워지고 또 적응하고 100미터위는 모르겠디만,2021. 1. 23.,악플
34,백찬우,박명수도 나중에 자기가 롯데타워 창문닦이 할 줄은 생각도 못했을듯..,2021. 1. 23.,악플
35,손주혁,이 편도 레전드인데 하하땜에 욕먹은 편.2:38 롯데월드타워 뭔뎈ㅋㅋㅋㅋㅋㅋ,2021. 1. 23.,악플
36,Soo,잠실 롯데 타워 완공 전이었다는 거.. 저 특집 어제 한 거 같은데ㅜㅜㅜ 왜 벌써 2021이죠,2021. 1. 23.,악플
37,꼬소하이,시간이 많이 지나긴했구나... 롯데타워 짓고있네 ㅋㅋㅋㅋ,2021. 1. 23.,악플
38,정희순,13:14 마인드 컨트롤 1분1초가 달콤해(?) 이남자 도대체머야(?),2021. 1. 23.,악플
39,손용준,이때는 롯데타워가 미완공이었네ㅋㅋㅋ,2021. 1. 23.,악플
40,sooneok hong,무한도전이 토토가를 통해 에쵸티와 젝키를 불러냈듯이머지 않은 미래에 한 예능 프로그램에서 무한도전 멤버들 소환해서 무한상사 한 편 찍어주길 바란다.,2021. 1. 23.,악플
41,노혁래,길이 박명수한테 형은 가수가 아니잖아요 하고 박명수가 버럭한게 무슨특집인가요??,2021. 1. 23.,악플
42,범베,기다렸습니다ㅎㅎ,2021. 1. 23.,긍정
43,냐하하항,댄싱킹이나  쇼미더머니같은 도전이무한도전 컨셉이랑잘맞았던거같다,2021. 1. 23.,악플
44,ebnpngj,정준하 술취한 거 같애 ㅋㅋㅋㅋㅋㅋㅋ,2021. 1. 23.,악플
45,범부,해수가 고생했네..ㅋㅋ,2021. 1. 23.,부정
46,청산에백구,준하 죠아죽네 쥬거 ㅋㅋ,2021. 1. 23.,악플
47,Mikami ReN,롯데타워가 쉬운편아님?암벽등반이 가장 어려울거같은데체력 기술 공포감 3박자를 다 극복해야됨,2021. 1. 23.,악플
48,ROSE -,빈봉투로 바꾸는건 진짜... 내가 당했다 생각하면 피꺼솟이다 어우...,2021. 1. 23.,악플
49,책책책,명수님이 정준하님보다 형 아니야 ?,2021. 1. 23.,긍정
50,킴다이너,노찌롱 있었으면 허가 안났던 굴뚝행,2021. 1. 23.,악플
51,김윤수,홍탁집 사장님 왜 여기 계세요?ㅋㅋㅋ,2021. 1. 23.,악플
52,호잇호잇,님들 혹시 노홍철 아쿠아리움인가 거기 알바간특집이 극한알바특집인가요??왜 안나오지 재밌는데 아시는분?,2021. 1. 23.,악플
53,멍텅구리,1분전은 못참지,2021. 1. 23.,악플
54,굿데이,"이제와서 보면 대본이 있었던 것 같음즉흥적으로 가는데 어떻게 가는 곳마다 다 협조가 다 되냐",2021. 1. 23.,악플
55,하시오안녕,롯데타워 저때 공사중이엇구나,2021. 1. 23.,악플
56,떠휘,43초전은 못참지~(해보고싶었음),2021. 1. 23.,부정
57,HS Y,광희는 편지 하나도 못받았나?ㅜ,2021. 1. 23.,부정
58,zon Snow,극한 알바 이런거 필요없음 ㄹㅇ 본인 방어하기 좋은곳으로 어디든 가라하면 중국 절벽에 우체통 놔둥꺼같음,2021. 1. 23.,악플
59,강선민,이런건 진짜 노홍철 독무대인데..깝네,2021. 1. 23.,악플
60,연탄,6:55 유느현타..,2021. 1. 23.,악플
61,악 으,정준하 반칙만 쓰는거 봐라 ㅋㅋ,2021. 1. 23.,악플
62,JB K,,2021. 1. 23.,부정
63,A A,12:35 팔짱 꼬옥....,2021. 1. 23.,악플
64,콩나물,"광희를 주인공으로 방송찍으면 망할것을 아니깐 그 누구도 광희우체통을 찾지않았어,,",2021. 1. 23.,악플
65,ᄋᄋ,왜 댓글이 다 몇시간 전이지 생각했는데 영상이 4시간전에 올라왔었네,2021. 1. 23.,악플
66,가마우지,10:24 안경벗은 이경규..?,2021. 1. 23.,긍정
67,Andy Shim,15:58,2021. 1. 23.,부정
68,돌몽,15:59,2021. 1. 23.,부정
69,고장난 중립기어,의문인게 정말 즉흥으로 롯데타워랑 아쿠아리움에 갔을까 미리 장소 섭외하지 않고? 물고기들 있는 수족관에 검증도 안된 우체통을 방송국이라고 사전에 얘기도 없이 받아주는건가 롯데타워 저 고층까지는 아직 완공되지 않은거 같은데 즉흥적으로 받아준건가 안전요원도 미리 섭외없이 일하고 있던 요원 데려다가 한걸까 대본은 없다 처도 어느정도 콘티는 있는거 같은데,2021. 1. 23.,악플
70,Sam Park,14:07 자막만 보면 방송불가 ㅋ,2021. 1. 23.,악플
71,최진설,2:54 자~ 한번 해 보자고!,2021. 1. 23.,부정
72,양건호,롯데타워 PPL이겠지?,2021. 1. 23.,부정
73,전용현,어우덜덜 아우나는,2021. 1. 23.,악플
74,아들승우,정준하가 ㄹㅇ 노답인게 여기서도 보이네 다른멤버들은 우체통설치=편지전달 과정이 같은거 보일거임 근데 정준하는 걍 아는사람한테 막아줘~ 이러고 다른멤버들 오면 엉덩이 걷어차는거 봐라 이럴거면 본인도 ㅈㄴ쌔게 한대 쳐맞고 맡기던가 ㄹㅇ노답이네,2021. 1. 23.,악플
75,박산,14:06 ??,2021. 1. 23.,부정
76,계말년,이때 무도 멤버들이 광희를 챙겼어야지 아무도 광희꺼 안찾아가고 존나게 텃세부림,2021. 1. 23.,악플
77,박찬웅,정준하 너무시끄러...,2021. 1. 23.,악플
78,카우트리송,여러분 알고 계신가요?광희는 똑같은 우체통을 준비해서 진짜 우체통을 숨기는 기가 막힌 전략을 준비했지만아무도 광희에게 편지를 쓰지 않아서 전략 자체가 필요 없었다는 슬픈 이야기를ㅋㅋㅋㅋㅋㅋㅋㅋㅋㅋㅋㅋㅋㅋㅋㅋㅋㅋ,2021. 1. 25.,악플
79,용가리,정준하 엄청 짠했는데 너무 웃김 ㅋㅋㅋㅋㅋㅋㅋㅋㅋㅋㅋ,2021. 1. 25.,긍정
80,malinois11,하하가 예능을 잘하긴 한다,2021. 1. 25.,악플
81,물먹어,하하가 편지 빼돌리는게 레전드였음 ㅋㅋ 예능신 하하,2021. 1. 25.,긍정
82,박준민,하하형이 욕먹을 이유 1도 없는데 솔직히 홍철이형 있었으면 이미 편지 다 바꼈지 ㅋㅋㅋㅋ 하하형이 홍철이형 역할 톡톡히 해서 더 재밌었음,2021. 1. 25.,악플
83,Uaena I,하하 덕분에 레전드편 다량 탄생과 동시에 중앙이형 주가 개떡상함ㅋㅋㅋㅋ,2021. 1. 25.,긍정
84,김현근 | ERICA 광고홍보학과 ­,한때 정말 좋아했던 무한도전 프로그램. 다시봐도 역시나 너무 재미있네요. 저 멤버들이 다시 모이는 날이 어서 빨리 왔으면 좋겠습니다.정말 무한도전은 저한테 좋은 추억으로 남아있습니다. 당시 기획 하셨던 김태호 PD님을 비롯해서 모든 PD님 정말 대단하다고 느껴집니다.그리고 유재석님을 비롯한 많은 출연진들 너무 재미있게 잘봤습니다.앞으로도 멤버들 항상 응원할게요. 화이팅입니다. 역대 최고 예능 무도,2021. 1. 25.,긍정
85,ray yun,8:24제작진 웃는거 개찰지네 ㅋㅋㅋㅋㅋㅋㅋ,2021. 1. 25.,악플
86,후하하맨,진짜 이 특집은 하하가 다했네 ㅋㅋㅋㅋㅋ,2021. 1. 25.,긍정
87,블상,항상 정준하가 당하는게 재밌음ㅋ 그 쓰레기편이 레전드인데..,2021. 1. 25.,악플
88,토끼보고가세요,14:40 하하 졸귀다진짜ㅠㅠ 짝짝 얄미우면서 귀여워 죽어버렷..,2021. 1. 25.,긍정
89,안용복,참 준하형이 멤버들한테 인기가 많아 연초 mc민지부터 빵빵 터졌지 역시 무도의 탱커 저렇게 받아주는 사람이 있어야 딜거는 잼이 있지ㅎㅎㅎ,2021. 1. 25.,악플
90,박정현,하하가 멤버들 나갈때 너무 힘들다고 유재석한테 말했다고 했던걸로 기억하는데 그럴만해 노홍철 있을때는 굳이 자기가 판 만드는 역할까지는 안해도 됐었는데 노홍철 나가니까 누군가는 그 역할해야하니 하하가 노력한거 같음 이편 다시보니 하하가 고생 많았을거 같다,2021. 1. 25.,악플
91,토순찌,13:15 ㅋㅋㅋㅋㅋ하하 개무섭정준하가 짠하고 불쌍하긴 처음이다ㅠㅠㅠㅠ,2021. 1. 25.,악플
92,이쪙,"8:02 유재석 다 초면일텐데 성함 다 외운 것도 신기하고, 한분 한분 눈 마주치면서 호명하면서 인사하고... 오우 사람이 참 깔 게 없다 만두 네개 말곤",2021. 1. 25.,악플
93,정현석,14:44 이 샷이 왤케 웃기지ㅋㅋㅋㅋㅋㅋㅋㅋㅋㅋㅋㅋㅋㅋㅋㅋㅋㅋㅋㅋㅋㅋㅋㅋㅋㅋㅋㅋㅋㅋ,2021. 1. 25.,악플
94,블루,유느 로우킥 ㅠㅠㅋㅋ하하님도 너무 웃기다ㅋㅋ,2021. 1. 25.,긍정
95,이태호,하하가 자기한테 유리하게 편지 쓰고 정준하가 넣었으면 ㅎㅎㅎ,2021. 1. 25.,악플
96,Hyeong Woo,"저 봉투내용이 ""하하야 너가 쇼미더머니 추천해주고 응원해줘서 너무 고마워 사랑해"" 였고 정준하님이 본방볼때의 표정보고싶다 편지키워드[응원]",2021. 1. 25.,긍정
97,캘시퍼(Calcifer),하하 예능천재다 ㅋㅋㅋ,2021. 1. 25.,악플
98,NAME,8:00 토미 선수 엄청 예의바르시다... 고 짧은 순간에 모자 벗고 악수하시네 ㄷㄷ,2021. 1. 25.,악플
99,방어진돌주먹,ㅋㅋㅋㅋㅋㅋ요즘 무도다시보는게 삶의낙,2021. 1. 25.,악플
100,코코 ෆ,하하 잔머리 ㅋㅋㅋㅋㅋ진짜 웃겨,2021. 1. 25.,긍정
101,솔져76,7:09 유재석님 역사상 제일 잘참은 고통 ㅋㅋㅋ,2021. 1. 25.,악플
102,김소현,존잼인뎈ㅋㅋㅋㅋㅋ편지바꿔치기 꿀잼ㅋㅋㅋㅋ,2021. 1. 25.,악플
103,킹제임스,이게 5년전ㅋㅋㅋㅋ 시간 레알 빠르네,2021. 1. 25.,긍정
104,가자누나,사기꾼 홍철님이 없으니 하하님이 대신 역할을 하셨네ㅠㅠ 지금보니 진짜 다들 방송 살리려고 열심히들 한게 보인다...😢,2021. 1. 25.,악플
105,FRANK COSTANZA,이 때 정준하 불쌍했는데ㅋㅋㅋㅋㅋㅋㅋㅋㅋㅋ그래도 랩 열심히 해서 쇼미 나간거 보면 대단함.,2021. 1. 25.,악플
106,두두키 JW,하하 진짜천재네,2021. 1. 25.,긍정
107,낭만해적단,이거 3편 왜 없지 했는데 안 올라온거였구나 ㅋㅋㅋㅋㅋㅋㅋ 내가 못 찾는줄,2021. 1. 25.,악플
108,현아님,"조깅하는 주나위에,,, 악마날개 달고 나는 하하가 있다......ㅋㅋㅋㅋㅋㅋㅋ",2021. 1. 25.,악플
109,닉네임,ㅋㅋㅋㅋㅋㅋㅋㅋㅋㅋ역시 정준하님은 탱커지,2021. 1. 25.,악플
110,kcy,노홍철 있었으면 개꿀잼일듯,2021. 1. 25.,악플
111,상펭,하하가 노홍철 역할까지 해준 특집,2021. 1. 25.,악플
112,모아,하하 편지 바꾸는걸로 욕하는게 ㄹㅇ 이해안감 당시에 보면서 센스 쩐다고 생각했었는데,2021. 1. 25.,악플
113,Pioneer,예능 통틀어서 정준하만한 탱커가있나싶다 ㄹㅇㅋㅋㅋㅋㅋㅋㅋㅋ,2021. 1. 25.,악플
114,ᄋᄋ,0:12 전설의 야구팀ㅋㅋㅋㅋㅋㅋㅋㅋㅋㅋㅋ,2021. 1. 25.,악플
115,희온,"룰 위반 한것도 아닌데 욕 먹을게 뭐있나요. 편지 바꿔치기 안된다는 룰도 없었고, 편지를 받으면 보낼 수 있는 편지가 생긴다는 것도 사전에 공지했고.. 자기 우체통에 편지가 와서 답장을 한건데 ..? 어떻게 보면 하하 덕분에 정준하씨가 한 해동안 엄청난 도전을 성공하면서 인기와 주목을 끌었죠",2021. 1. 25.,악플
116,최크리스탈,0:45 난 여기서 무너졌다... 유느님 하하가족 못참지...☺,2021. 1. 25.,악플
117,이하,이때하하가 그녀석이 없으니 나라도 해야지 이러면서 하지않았나 ㅋㅋㅋ,2021. 1. 25.,악플
118,the the,그리운 무한도전,2021. 1. 25.,악플
119,Music life !!!,15:40 역대급 바보엿어 ㅠㅠ웃기면서도 짠하네,2021. 1. 25.,악플
120,익명,하하가 하이라이트를 찍었지 ㅋㅋㅋ,2021. 1. 25.,악플
121,chuchu won,14:46 그림 ㅈㄴ 웃기넼ㅋㅋㅋㅋㅋㅋㅋ,2021. 1. 25.,악플
122,아아,하하 편지 바꿔치기 했던 거 개웃겼는데 방송 끝나고 욕먹어서 어이없던 편 이거 말고도 무한상사에서 하하가 유재석한테 친구없냐고 했다고 또 욕했던데 프로불편러들은 예능 말고 다큐를 보시길,2021. 1. 25.,악플
123,초심,10:01 다 미치겠는 정준하,2021. 1. 25.,악플
124,서지순,♡♡지금 이 한 순간에 드라마가 있다.,2021. 1. 25.,악플
125,츄세,레전드의 레전드지 ㅋㅋㅋ,2021. 1. 25.,악플
126,갤럭시탭,15:07 ㅋㅋㅋㅋㅋㅋㅋㅋㅋㅋㅋㅋ,2021. 1. 25.,악플
127,MH,뭐든 주는 건 정주나 ㅋㅋㅋㅋㅋ,2021. 1. 25.,긍정
128,오영,최고의 탱커..,2021. 1. 25.,긍정
129,쪼호호,하하 잔머리 너무 좋고 ㅋㅋ  근데 중간중간 카메라 보면서 멘트치는게 확실히 노홍철처럼 맛있게는 못 살리네만약 노홍철이 저 상황이였다면 특유의 돌고래웃음소리와 시청자랑 대화하는 화법으로 얄미움이 배가되서 재밌었을텐데 ㅋㅋㅋ,2021. 1. 25.,악플
130,bycut cut,하하형 하드캐리한 날,2021. 1. 25.,악플
131,lsw0612,9:00 분노의 양아치 ㅋㅋㅋㅋ,2021. 1. 25.,악플
132,토롱이,정준하 바보컨셉 개웃기네ㅋㅋㅋㅋㅋㅋ,2021. 1. 25.,악플
133,박순호,이제 광희의 암벽등반만 남은건가,2021. 1. 25.,악플
134,T ape,하하씨가 센스넘치는건 좋은데 이번 편에서는 딜탱이 아니라 딜만 넣어서 그런듯 정준하는 당하기만 했고,2021. 1. 25.,악플
135,해피머니,체육관에 나오시는 여성분 이제 보니 소사이어티 게임 엠제이킴이네ㅋㅋㅋ민지킴 잘생쁘다,2021. 1. 25.,악플
136,도소자,"준하만 나오면 빨리감기  하게 되네,,,",2021. 1. 25.,부정
137,하고 싶은거 다 하는 채널,진짜 높은 곳 저렇게 무서워 하는데 무도에서 맨날 올라가게 만들엌ㅋㅋㅋㅋㅋㅋㅋㅋㅋㅋㅋㅋㅋㅋㅋㅋㅋㅋㅋㅋㅋㅋㅋㅋㅋㅋㅋㅋㅋㅋㅋㅋㅋㅋㅋㅋㅋㅋㅋㅋㅋㅋㅋㅋㅋㅋㅋㅋㅋㅋㅋㅋㅋㅋㅋㅋㅋㅋㅋ,2021. 1. 25.,악플
138,Abec,자연인 고생해서 넣은 해수씨는 본인이 더 고생을....,2021. 1. 25.,악플
139,IK,0:59 이제보니까 소사이어티게임 나온 MJ였구나 ㄷㄷ,2021. 1. 25.,악플
140,이름을 입력하세요.,0:45 존나 설레네 ㅋㅋㅋㅋㅋㅋ,2021. 1. 25.,악플
141,한지언,MC민지 세상밖으로 나오다,2021. 1. 25.,악플
142,이윤,3편왜없나했네ㅎㅎ,2021. 1. 25.,부정
143,GONDA,토미선생님 요즘 BTS 정국이 복싱 레슨하시는거 보고 혼자 내적반가움 느낌 ㅋㅋㅋㅋ 역시 무도효과 ㅋ ㅋㅋ,2021. 1. 25.,긍정
144,busterz,"편집된 부분이긴 한데ㅋㅋ 정준하가 ""나 스킨스쿠버 배워서 물 들어갈 수 있어!!""라면서 거짓말로 도발만 안 했으면 하하는 저자리 안 갔음ㅋㅋㅋ",2021. 1. 25.,악플
145,IlIlIlIl IlI,와 글고보니 정준하있는곳 제2롯데월드타워 아님?? 와...아직 공사중인거 보니 세월 참 빠르네,2021. 1. 25.,악플
146,이룰루리루,0:59 엠제이 킴이다!!! 본명이 민지일 줄이야ㅋㅋㅋㅋ,2021. 1. 25.,악플
147,엮은이는 아는데요,8:24 ???: 재석이는 위험하니까 하지 말라고??? 야 북극곰은 사람을 찢어!!!!,2021. 1. 25.,부정
148,하하,하하는 그동안 조미료를 맛있게 쳐주는역할에서 판짜주는 홍철형돈과 조미료쳐주는 길이 없어지니까 다책임져야하는 책임감이 넘 안타깝다.....조미료라도 치라고 광희를 영입했지만 포장지 스티커역할만해서 넘 실망스러웠음;;;,2021. 1. 25.,악플
149,Sid Huh,0:58 아니... 엠제이킴 본명이 김민지였구나 ㅋㅋㅋ 이래저래 정준하는 민지라는 이름이랑 인연이 많았네 ㅋㅋㅋ,2021. 1. 25.,악플
150,김창수,뭔가 허전하다 했는데 형돈이가 없구나ㅠㅠ,2021. 1. 25.,부정
151,이이,개너무해ㅜㅠㅋㅋㅋㅋㅋ,2021. 1. 25.,악플
152,JJoon Franz,얘기가 잘 됐는데 이상하넼ㅋㅋㅋㅋㅋㅋㅋㅋㅋㅋ,2021. 1. 25.,악플
153,이형윤,여자분 진짜 이쁘시다 연애인인줄,2021. 1. 25.,긍정
154,신나게까게,이런거 볼때마다 노홍철이 있었으면 어땠을까 생각하면서봄ㅋ,2021. 1. 25.,악플
155,ᄋᄉᄆ,1:36 ㅋㅋㅋㅋㅋㅋㅋㅋ 말투 ㅋㅋㅋㅋ,2021. 1. 25.,악플
156,라면은맛있어,ㅋㅋㅋㅋㅋㅋㅋㅋㅋㅋㅋ,2021. 1. 25.,악플
157,방구석 덕후 :방duck,mc민지의 초석이 되었던 사건이죠 ㅋㅋㅋㅋ,2021. 1. 25.,악플
158,트니트니튼튼,이 뒤로 하하가 정준하한테 놀이기구 편지 또 넣엇나요???ㅋㅋ,2021. 1. 25.,악플
159,김재현,준하형 ㅜㅜ,2021. 1. 25.,긍정
160,민정,이건 처음보는거였는데 7인이 아니었군..,2021. 1. 25.,악플
161,돈가스,하하가 잘했네,2021. 1. 25.,긍정
162,김형훈,8:23 북극곰은 사람을 찢어!!!!,2021. 1. 25.,악플
163,김유식TV,"노홍철님 정형돈님 있었음ㅠ 노홍철은 2시간 수영해서 물한가운데 놨을것도같고, 정형돈은 한번 꼬아서 함정배치 했을것같아요",2021. 1. 25.,긍정
164,우헤이,여자분 어디서봣다싶더니 소사이어티게임에 출연하신 엠제이킴님이시네요 ㅋㅋㅋㅋ,2021. 1. 25.,악플
165,이정훈,토미씨 뭔가 시미켄 엄청 닮으셨네토미켄...:),2021. 1. 25.,악플
166,한번만봐드리는거에요오!!,0:44 ㅋㅋㅋㅋㅋㅋㅋㅋㅋㅋㅋㅋㅋ,2021. 1. 25.,악플
167,선우선좌Sunright,그래서 의상한 형제는 언제 끝나는거죠?,2021. 1. 25.,악플
168,JJoon Franz,노홍철이었으면 욕 안 먹었음. 하하는 약간 너무 깐죽대는 느낌이라 좀 그랬음..,2021. 1. 25.,악플
169,김새디,ㅋㅋ 진짜 찐으로 야마돌겠네,2021. 1. 25.,악플
170,김윤겸,정준하가 쇼미나간덕애 길도보고그랬지,2021. 1. 25.,악플
171,amurita y,0:45 ㅋㅋㅋㅋㅋㅋ 개 뜬금없어 ㅋㅋㅋㅋㅋㅋㅋ,2021. 1. 25.,악플
172,Js y,파이터 여자분 진짜 미인이시네,2021. 1. 25.,긍정
173,카카,무도 멤버들 진짜 고소공포증 심하긴한가보다.. ..번지점프때도 그러더니...욕하는건 아니지만....그냥 그렇다고요.,2021. 1. 25.,악플
174,아아웅,해수 우체통을 향해 롯데타워 간다,2021. 1. 25.,악플
175,Iron man,3:00 bgm뭔지 아시는분???,2021. 1. 25.,부정
176,Seulky Krystal Kang,다음편 못찾겟어요 ㅠㅠ 복수하는거,2021. 1. 25.,악플
177,양푼,격투기장에 민지님 소사이어티 게임 엠제이 님이네~!,2021. 1. 25.,악플
178,재호야꽃길만걸어,하하진짜 양아치네 ㅋㅋㅋㅋ;;;;;ㅁㅊ....그녀석이생각나네 ㅋㅋㅋㅋㅋ,2021. 1. 25.,악플
179,나이키,무한상사 위기의 회사원편 못보나..,2021. 1. 25.,악플
180,마산토끼,3:00 bgm 아시는 분...14:00 두......,2021. 1. 25.,긍정
181,호롤롤롤로롤로,01:00 엠제이 킴 하위~~ 민지 킴 이었군!,2021. 1. 25.,악플
182,Iron man,3:00 bgm아시는분 ㅜ,2021. 1. 25.,악플
183,???,ㅋㅋㅋㅋㅋㅋㅋㅋㅋㅋㅋㅋㅋㅋㅋㅋㅋㅋㅋㅋㅋㅋㅋㅋㅋㅋㅋㅋㅋㅋㅋㅋㅋㅋㅋㅋㅋㅋㅋㅋㅋㅋㅋㅋㅋㅋㅋㅋㅋㅋㅋㅋㅋㅋㅋㅋㅋㅋㅋㅋㅋㅋㅋㅋㅋㅋㅋㅋㅋㅋㅋㅋㅋㅋㅋㅋㅋㅋㅋㅋㅋㅋㅋㅋㅋㅋㅋㅋㅋㅋㅋㅋㅋㅋㅋㅋㅋㅋㅋㅋㅋㅋㅋㅋㅋㅋㅋㅋㅋㅋㅋㅋㅋㅋㅋㅋㅋㅋㅋㅋㅋㅋㅋㅋㅋㅋㅋㅋㅋㅋㅋㅋㅋㅋㅋㅋㅋㅋㅋㅋㅋㅋㅋㅋㅋㅋㅋㅋㅋㅋㅋㅋㅋㅋㅋㅋㅋㅋㅋㅋㅋㅋㅋㅋㅋㅋㅋㅋㅋㅋㅋㅋㅋㅋㅋㅋㅋㅋㅋㅋㅋㅋㅋㅋㅋㅋㅋㅋㅋㅋㅋㅋㅋㅋ,2021. 1. 25.,악플
184,침팬치,13:17 화가나..?ㅋㅋㅋㅋ 쇼미더머니 시킨게 누구였지..,2021. 1. 25.,악플
185,김은일(과학기술대학 물리학),이종격투기 여자분 이번에 다시보니 엠제이님이시네요😲😲,2021. 1. 25.,긍정
186,Aaron Amen,1:10 매번 홍보만 하지...가게 기프티콘 사용했다는 이야긴 없는...30만원 어치라는데...,2021. 1. 25.,악플
187,악 으,정준하 반칙만 쓰는거 보소 어휴,2021. 1. 25.,악플
188,욥욥,15:51,2021. 1. 25.,부정
189,알콩이달콩이,"아니 불편러들아 좀 닥치고 봐라, 불편하면 보지를 마니들덕에 무도 종영한건데 왜 여기까지 와서 불편해하는거야?인생 참 꼬였네",2021. 1. 25.,악플
190,튀김새우,소사이어티게임에 나왔던 엠제이킴이다!,2021. 1. 25.,긍정
191,소하,밤이라 박명수가 미스한듯 저기서 높게하거나 안했어야함낮이여야 못넣지 밤은 높이가늠이 잘안됨,2021. 1. 25.,악플
192,공장크아,15:50,2021. 1. 25.,부정
193,뇸뇸,키워드 쇼미더머니ㅋㅋ ㅋㅋ ㅋㅋ ㅋㅋ,2021. 1. 25.,긍정
194,이현,16:00,2021. 1. 25.,부정
195,김현성,이쁘다,2021. 1. 25.,악플
196,셥다셔,근데 편지 놔두고 갈땐 아무도 안챙겼으면서 바꿔놓은뒤에 정준하가 편지줘야지하니까 바로 나오는것도 뭔가 좀 이상하긴하네 ㅋㅋ 연출인가,2021. 1. 25.,악플
197,멜팅유,07:00,2021. 1. 25.,부정
198,Andy Shim,15:50,2021. 1. 25.,부정
199,돌몽,15:51,2021. 1. 25.,부정
200,박혁,무도 댓글 보면 진짜 가관들 많다 ㅋㅋㅋㅋ 없어지니 그립다 이지랄병이고 니들 댓글 하나하나때매 무도없어진거 한몫함 제발 정신차리고 살아라,2021. 1. 25.,악플
201,마카로오오옹,8:238:24,2021. 1. 25.,부정
202,예비용,1:06 엠제이 킴이었구나,2021. 1. 25.,긍정
203,JB K,🙂🙂,2021. 1. 25.,부정
204,Mu zabi,토미라는 분 일본분인가용?,2021. 1. 25.,악플
205,푸치노샷추가,15:06  [내용없음] 내용이 없네.... 왜 안쓴거여... 미안혀,2021. 1. 25.,악플
206,k조커,6:59 엠제이 킴이었네,2021. 1. 25.,악플
207,사는게죄인남자,0:59 민지?,2021. 1. 25.,악플
208,현수 이,민지씨만봤습니다,2021. 1. 25.,긍정
209,옥탑방호랭이,MC민지,2021. 1. 25.,악플
210,Muse,광고를 쌔리 처때려너놨네ㅡㅡ,2021. 1. 25.,악플
211,Mason Paul,"예능보면 남자가 여자한테 로우킥이든 맞는 장면은 많은데여자가 남자한테 맞는 모습은 광수형 말고는 한번도 못봄..예능에서 성역차별 진짜 심함, 남녀가 평등한데 남자는 맞고, 여자는 때리고 걸크러쉬행 ㅋㅋ",2021. 1. 25.,악플
212,쒸엣,어 엠제이킴이네,2021. 1. 25.,악플
213,김현호,아무도 관심을 주지 않았지만 처음부터 끝까지 혼자서 고생한 광희 너무 멋지다👍,2021. 1. 27.,긍정
214,앗네,광희... 진짜 저 비쩍 마른 몸으로 너무.. 고생 많이했고 ㅠㅠㅠㅠ 덕분에 레전드 무대도 나오고 넘 고마움,2021. 1. 27.,긍정
215,윤석주,"진짜 이특집은 정준하의,정준하에 의한,정준하를 위한 특집이다ㅋㅋㅋㅋㅋ 17년도에 명수옹이 진짜사나이로 하드캐리 했으면 16년도는 쩌리짱이 다해줬음 여기서 말하는 거지만 두형님들 및 멤버들 진짜 고생하셨습니다 우리들에게 큰웃음을 주기위해 노력해줘서!!",2021. 1. 27.,악플
216,안태환,12:10 재석아 해냈어!!! 하는게 겁나 커엽네 ㅋㅋㅋㅋㅋ,2021. 1. 27.,긍정
217,Uaena I,띵수옹 카메라감독으로 위장해서 중앙이형 편지함에 마지막편지 전달하는게 ㄹㅇ쌉레전드였는데ㅋㅋㅋㅋㅋㅋ,2021. 1. 27.,악플
218,JINI Y,8:38 정준하 표정 ㅋㅋㅋㅋ 금방이라도 울 거 같아 ㅋㅋ,2021. 1. 27.,악플
219,라면은맛있어,와 광희 올라갔네 대단하네ㅋㅋㅋㅋ 유재석은 줄타고 올라갓는데 ㅋㅋㅋㅋㅋㅋㅋㅋㅋㅋㅋㅋ,2021. 1. 27.,긍정
220,ᄋᄋ,하하 ㄹㅇ 방송천재 ㅋㅋㅋㅋㅋㅋ,2021. 1. 27.,악플
221,IOWA. IOWA,9:57 재석이형 낮은톤의 평소말투 나만 심쿵?♥️,2021. 1. 27.,부정
222,김현근 | ERICA 광고홍보학과 ­,한때 정말 좋아했던 무한도전 프로그램. 다시봐도 역시나 너무 재미있네요. 저 멤버들이 다시 모이는 날이 어서 빨리 왔으면 좋겠습니다.정말 무한도전은 저한테 좋은 추억으로 남아있습니다. 당시 기획 하셨던 김태호 PD님을 비롯해서 모든 PD님 정말 대단하다고 느껴집니다.그리고 유재석님을 비롯한 많은 출연진들 너무 재미있게 잘봤습니다.앞으로도 멤버들 항상 응원할게요. 화이팅입니다. 역대 최고 예능 무한도전!,2021. 1. 27.,긍정
223,닉네임,유재석 박명수 두 분이 같이 웃는게 보기 좋음 이번 놀면 뭐하니 보는데 정과장 나와서 가족들 다 소리 지르면서 봤는데 박차장도 볼 수 있으면 좋겠다,2021. 1. 27.,악플
224,혜성,4:30  재석이형 눈빛 독기서린거봐ㅋㅋㅋㅋ무서워ㅋㅋㅋ,2021. 1. 27.,부정
225,따르,이건 진짜 그 멤버들로 다시보고싶은 특집이여,2021. 1. 27.,악플
226,언급할 수 없는닉네임,"이편자체는 무난한 편이였는데, 이편에 언급된 아이디어들이 무한도전 후반부의 핵심 아이디어들 됐네 ㅎ 쇼미더머니, 무도판 진짜사나이, 자연인, 댄스퀸",2021. 1. 27.,악플
227,Eddie choi,하하가 이 편 먹여 살렸다고 해도 과언 아닌데 불편러들 조온나 많았었음,2021. 1. 27.,악플
228,Nal Dalgyal,밥사준다니까 심쿵하는거 개웃기네ㅋㅋㅋㅋㅋㅋ,2021. 1. 27.,악플
229,Demarcus Kim,막판에 ㄹㅇ 하하랑 하와수가 하드캐리했네... 특히 준하형은 딜되는 탱커로 완전체급 되버렷는데 왜 그렇게 퇴물취급하고 코빅가서 조롱당하고.. ㅠㅠ 무도 종영 이전에 가끔씩 볼때는 노홍철 능력 흡수한 하하와 하와수 콤비 보는맛으로 버틴거 같음,2021. 1. 27.,악플
230,햇빛이,ㅋㅋㅋㅋ저기서 자연인 해수랑 명수영감편 나온거군아ㅋㅋㅋㅋ진짜 레전드였는데,2021. 1. 27.,악플
231,두두키 JW,명수가 준하한테 답장하면서 재석이랑만 넣었으면 복수성공했을텐데 ㅋㅋㅋㅋ,2021. 1. 27.,악플
232,괜찮아요,하하 진짜 대단하다 ㅋㅋ,2021. 1. 27.,긍정
233,_______________________ㅏ,광희 진짜 멋지다,2021. 1. 27.,긍정
234,연금술사,13:09 열심히 하는 광희.👍💯💖 다큐멘터리 보는 것 같은 감동이~~,2021. 1. 27.,긍정
235,hi hello,유재석이 진짜 저쪼아래가 컴플렉스긴 한듯ㅋㅋㅋㅋㅋ 명수한테만 겁나 집착하면서 막음ㅋㅋㅋㅋ,2021. 1. 27.,악플
236,네오스,4:33 5:45 유재석의 진짜사나이 협박. 효과는 굉장했다 ㅋㅋㅋㅋㅋ,2021. 1. 27.,악플
237,kim s,광희 진짜 개멋있네 ;;,2021. 1. 27.,긍정
238,alcnlsrj dksi,"그래도 이덕에 하와수 상황극 레전드 나왔지 ""파 써는데 한시간이 걸려!!!!!"" ㅋㅋㅋㅋㅋㅋ",2021. 1. 27.,악플
239,윤아리,암벽등반 선생님 대단하시다 올라와서 직접 도와주시고 최고에요~,2021. 1. 27.,긍정
240,잰잰,어제 이거 보고 잤다가 무도 다시 원년멤버로 합쳐서 시작하는 꿈 꿨어요..ㅋㅋㅋㅋㅋㅋ,2021. 1. 27.,악플
241,ᄌᄋᄌ,"12:13 박명수,, 귀엽다,,",2021. 1. 27.,긍정
242,만게츠,광희 멋있다,2021. 1. 27.,긍정
243,JH H,진짜 반전은 저렇게 많은 거 다하고 최우수상받음,2021. 1. 27.,긍정
244,ᄇᄀᄌ,사실 상 이게 의좋은 형제 노홍철 생각 나게 하는 에피 인듯 ㅋㅋㅋㅋ 정준하만 보면 달려드는 동생들 ㅋㅋㅋㅋ,2021. 1. 27.,악플
245,수박은수박씨,7인체제가 너무 그립지만 이때도 그리워ㅜㅜ,2021. 1. 27.,긍정
246,몰라molla,"14:20 광희 노력 덕분에 엑소 막내 뚝이도 보고 ㅠ_ㅠ 고마워 광희쓰,,,",2021. 1. 27.,긍정
247,큐튜츄,솔직히 하하가 이 판 다 키워놓은건데 그땐 왜 그렇게 욕을 먹은건지...,2021. 1. 27.,악플
248,해쨔리,이분들 가둬놓고 무도만 편집하게 하고싶다🍓🎁🌹,2021. 1. 27.,악플
249,안용복,명수형 재석형이 진짜사나이로 딜거니까 포기했는데 1년후 예스 아이 캔!으로 분량 확실히 챙길 줄 몰랐겠지?역시 무도는 달라,2021. 1. 27.,악플
250,Doto Jambo,1:05 정준하 아쿠아리움 들어갔다와서 그런지 뽀송뽀송하네 ㅋㅋㅋㅋㅋㅋ딱 목욕갔다 온 느낌ㅋㅋ,2021. 1. 27.,악플
251,박순호,2016년 이후 무도는 유튜브에 풀버전 쪼갠거 조차 없어서뭐 빠진 장면이 있나 확인할 수 없음.이 행운의 편지도 그 중 하나.,2021. 1. 27.,악플
252,고민수,저거 편지 넣는거 제한시간있었으면 끝나기 10분전에 명수형 올라가기 시작하면 되는거아니누 𐌅 ࠅ ヲ‎𐨛 ⫬,2021. 1. 27.,악플
253,LA백승범,'와 무한도전 최근 편이네'라고 느끼고있는데 알고보니 5년전꺼라는거에 소름...,2021. 1. 27.,부정
254,yoon new,아니 이렇게 재밌는데 왜 종영한거야 ㅠㅠ 5명도 존잼이잔아,2021. 1. 27.,긍정
255,부부부,이 특집은 그냥 정준하 쇼미더머니 보내기 위해 만들어진 특집ㅋㅋ,2021. 1. 27.,악플
256,JS B,뽀글준하와 유부준하의 차이 실화냐....그는 아수라 백작이다,2021. 1. 27.,악플
257,박지셩,10:06 아 정준하 너무 불쌍하다 ㅋㅋㅋㅋㅋㅋㅋㅋ,2021. 1. 27.,긍정
258,토순찌,9:55 진짜 준하 짠하다ㅠㅠㅠㅠ 착한 동네 바보형 현실 뚱이 같으니라고…,2021. 1. 27.,악플
259,이서현,15:21 왤케 짠하냐ㅋㅋㅋㅋ,2021. 1. 27.,악플
260,핸피니스,광희한테 뭐라하는 댓글들 있긴 한데 그래도 덕분에 엑소랑 콜라보 무대도 보고 좋았는데.. 난 그래도 포기 안하고 열심히 해줘서 너무 고마웠다 광희....,2021. 1. 27.,긍정
261,미즑이냥,"의상한 형제에 이어쓰레기봉투 시즌2가 나오다니...정말 대단한 특집이었다.의상한특집은 노홍철이,행운의편지는 명수옹이 해냈다.",2021. 1. 27.,악플
262,댓글로 말해줄게,정준하ㅋㅋㅋㅋㅋㅋㅋㅋㅋㅋㅋㅋㅋㅋㅋㅋ북극곰 쇼미 머슴 3연타,2021. 1. 27.,긍정
263,민진홍,12:23 되게 요염하시게 누워계시네 ㅋㅋㅋㅋ,2021. 1. 27.,악플
264,REAL__COTTON,14:33 광희 👏👏👏👏👏👏,2021. 1. 27.,긍정
265,짱어,이편을 9~11월에 했으면 정준하가 대상을 받았을까ㅋㅋㅋㅋ,2021. 1. 27.,부정
266,연금술사,"광희야, 수고했다. 독이 든 성배인 무도를 받아들이고도 살아남았으니 너는 불사조(피닉스, phoenix)가 될 거야. ❤💙💚💛💜",2021. 1. 27.,악플
267,이지수,정준하는 또 동생한테 얻어 먹는구나ㅋㅋㅋㅋㅋㅋㅋㅋ,2021. 1. 27.,악플
268,감성적고래,정준하 대상특집도풀어주세요,2021. 1. 27.,긍정
269,그건바로한국,10:53 하하만 눈치챈게 아니라 재석이형도 눈치챘음ㅋ,2021. 1. 27.,악플
270,플라잉펭귄,주고받는 특집은 정준하를 위한 특집,2021. 1. 27.,악플
271,근영,오늘도 이거 보면서 밥 먹어야징,2021. 1. 27.,악플
272,이성준,하하는 어쩔수 없었어. 노홍철 정형돈 다 없는데 혼자서 그런역할해줘야하는데,2021. 1. 27.,악플
273,O H,14:08 여기 되게 스펀지밥처럼 말하네ㅋㅋㅋ,2021. 1. 27.,악플
274,리라임레이티,사실상 2020 부캐시대의 서막을 연 특집,2021. 1. 27.,악플
275,지금이지금,정준하 우편하하2통 재석1통 명수1통 총4프로젝트 ㅋㅋ,2021. 1. 27.,악플
276,DanDDan,13:09 광희씨가 올라가는 징면 브금 뭔지 아시는분..?웅슴이 가장해져버려..,2021. 1. 27.,악플
277,SI NAMO,잔머리 재왕 하하 ㅋㅋㅋㅋ,2021. 1. 27.,악플
278,o o,역대최강의 탱커 ㄷㄷ,2021. 1. 27.,악플
279,kim juan,저 체육관 사람들은 도대체 무슨 충성심으로 저렇게 적극적으로 하는지 아직도 모르겠음...단지 자신들의 강함과 디펜스 능력을 보여주고자 하는 느낌 뿐,2021. 1. 27.,악플
280,강선민,옛날추격전이었으면 명수형 유재석이 바람잡기하러 간 사이에 버리고 유재석 우체통으로 달려갔을텐데,2021. 1. 27.,악플
281,꽃기사,15:20 역시 명불허전 얻어먹기의 장인,2021. 1. 27.,악플
282,Ale D,준하형 울거 같아 .....,2021. 1. 27.,부정
283,트리플오,광희와 정준하가 무도 내 포지션이 어떤지 나오는 아주 전형적인 회차. 시청자도 무관심이지만 무도 내에서도 멤버들에게 노관심인 광희와 놀리기 좋은 편한 형 정준하..,2021. 1. 27.,악플
284,yoon min Cho,확실히 2013~4년이후 방송은 여초의 느낌이 나긴나네요,2021. 1. 27.,악플
285,달뮤님,자연인특집이 이거땜에 나온거구나ㅋㅋㅋㅋ,2021. 1. 27.,악플
286,파우스트,유재석: 암벽등반 상급자코스 중간에 매달아 놓음박명수: 롯데월드타워 100층이상 공사현장에 놓음정준하: 이종격투기 체육관에 놓고 관장한테 수문장 부탁하하: 아쿠아리움 수족관안에 놓음광희: 우체국 우체통옆에 놓음???: 여러분 광희 정말 기발하지 않나요? 재밌는데 편집 당해서 아쉬워요ㅠㅠ............? 편집당할만 했는데?,2021. 1. 27.,악플
287,bbanz0,3:10 아잌 갈수있는데 왜 안가는거야~~~ 사장님 답답하셨나보다 ㅋㅋ큐ㅠ,2021. 1. 27.,긍정
288,지주때로,"이때 팡희 노잼이라고 욕 엄청 먹었던 특집이었지....엑소랑 유재석이 콜라보 한다는게 노잼이기도 했고, 그렇다고 다른 멤버들처럼  샌드백 역할 만렙인 정준하라도 괴롭히거나 다른 멤버들한테 계속 간보고 심리전 유도하면서 쫄깃하게 끌고가지도 못했음. 그냥 방송 끝날때까지 유재석이랑 엑소만 내내 외치다가 결국 아무도 관심 없던 유재석 편지함에 넣고 방송 분량 삭제. 물론 타 멤버들이 광희한테 편지를 안넣어줘서 그런것도 있지만, 그래도 팡희 스스로 다른 멤버들에게 적극적으로 공격하는 모습을 보여줬어야했음.팡희가 무한도전 영입 초입이라 소극적이기도 했지만 개인적으로 팡희가 입담이랑 뻔뻔함 살려서 멤버들이랑 계속 부딛히길 원했던 입장에서 참 실망 많이 했던 특집이었음.",2021. 1. 27.,악플
289,???,진짜사나이 협박 ㅋㅋㅋㅋㅋㅋㅋㅋㅋㅋㅋ,2021. 1. 27.,긍정
290,5반21번장하민,진짜사나이 ㅋㅋㅋㅋㅋㅋㅋㅋ,2021. 1. 27.,악플
291,rlaa1sw0,2016년 무도는 정준하꺼였지ㅋㅋㅋㅋㅋ,2021. 1. 27.,악플
292,ᄋᄋ,체육관 관장님 조선시대 장군상인듯 ㅋㅋ,2021. 1. 27.,악플
293,포멍멍,다른 맴버들 엄청 놀려먹으면서 상의 탈의는 진짜 하기 싫었나보네 ㅋㅋ,2021. 1. 27.,악플
294,강선민,준하한테 쓸때 재석이랑 같이 썼으면 복수성공 일타쌍피였는데 아깝네 ㅋㅋㅋ,2021. 1. 27.,악플
295,상황정서,다시 생각해보면 광희가 못 넣었으면 일부러 엑소랑 공연 하고싶어서 안 넣었다 이런 논란 있었을 수 있겠네 ㄷㄷ,2021. 1. 27.,악플
296,김민수,광희수고했다ㅎㅎ노잼이니뭐니말많았지만 덕분에 엑소 유재석무대도 보고.전진이랑 비교많이되서 속상했을건데 백만돌이체력도아님에도 최선을다했던모습이 기억에남네.무도멤버중 솔직히 포주나만 욕했지 나머지는 최선을다했기에.고생했어,2021. 1. 27.,악플
297,김화이팅,저때 하하 욕먹었던거 기억나네 근데 저렇게 해야 재미있지 ㅋ,2021. 1. 27.,악플
298,후잉,광희는 하루종일 저기서 벽타기 놀이 했네,2021. 1. 27.,부정
299,이태호,노홍철이 있었다면 누구하난 죽어났을듯,2021. 1. 27.,악플
300,아라브,유재석은 반칙이지 ㅋㅋㅋ 자기가 올라가서 우체통건게 아니잖아 샘이 장비로 다도와주고 나머지애들을 등반하라그러고 ㅋㅋㅋㄱ,2021. 1. 27.,악플
301,나 바나,박몋수 진짜사나이 갔어야햇느데,2021. 1. 27.,악플
302,lemoned0110,광희 암벽등반 성공했을때 나오는 음악이 뭔가요??,2021. 1. 27.,긍정
303,겨울아이,흠...정준하님 불쌍해ㅠㅠ  그냥 높은곳에 두시징...,2021. 1. 27.,악플
304,̇,ㅈㄴ재밋네 ㅋㅋㅋ,2021. 1. 27.,악플
305,뽕지아빠,지금보니 유재석도 암벽등반하다 못해서 줄로 올려줘서 설치해놓고 박명수는 그냥 등반시키네 옛날엔 몰랐는데 역시 피디가 유재석 빠라서 그런가,2021. 1. 27.,악플
306,리얼,15:01 exo 여기 편집한 춤추는거 제목뭔가요?,2021. 1. 27.,긍정
307,박대기,무한도전 시즌2 하자,2021. 1. 27.,긍정
308,라구,와 ㅋㅋㅋ,2021. 1. 27.,악플
309,nrs3124,"너무 광희빼고 플레이하는 느낌,, 광희 열심히 잘했는데ㅜ",2021. 1. 27.,긍정
310,구정이,"♡♡그 순간, 당신은 라스베가스에 있다.",2021. 1. 27.,긍정
311,일리야 ILYA,01:18 좋아한다좋아한다좋아한다,2021. 1. 27.,부정
312,공장크아,15:42,2021. 1. 27.,부정
313,Andy Shim,15:42,2021. 1. 27.,부정
314,돌몽,15:43,2021. 1. 27.,부정
315,아영,20:00,2021. 1. 27.,부정
316,김범수,1:00 정준하 키 엄청 크네,2021. 1. 27.,악플
317,JB K,🙂🙂,2021. 1. 27.,부정
318,요요,유재석 그렇게 프로그램 재미 생각하는 사람이 노잼만드네;,2021. 1. 27.,긍정
319,Smith Adam,헐 엠제이킴이네,2021. 1. 27.,악플
320,나를바라본다,영상마다 뚱티당 땅땅 좀 빼요 소리 겁나크네,2021. 1. 27.,악플
321,정민구,자막 진짜 재미없어졌다. 이때부터 편집팀 바뀐거임?,2021. 1. 27.,악플
322,아,광희는 진짜 재미없다 ㅋㅋㅋ 차라리 길처럼 재미없는 걸로 재미 줬으면,2021. 1. 27.,긍정
323,바라기주,광희는 진짜 뭐한거야,2021. 1. 27.,긍정
324,계말년,아니 광희 푸시를 해주려면 광희 우체통도 좀 찾으러 가줘야지 멤버들 광희 일부러 따돌리는거 존나 티나,2021. 1. 27.,악플
325,얍얒,광희도 정준하 몰아줘서 의상한 형제 시즌2 만들었어야했는데.... 역대급 망작 댄싱킹이 탄생... 아무의미도 없었음..,2021. 1. 27.,악플
326,살찐드록바,광희를 뽑은게 의미없다는걸 알려준화아무도 광희 우체통은 안찾음,2021. 1. 27.,악플
327,UAP,엑소 특집 ㅈ 노잼이였는데 ㅋㅋ광희가 예능감 ㅈㄴ 없었지 엑소쓴거부터가 노잼이였고 막판에 박명수랑 같이 정준하 두개넣었으면 깔끔했는데 뭔가 밍숭맹숭하게 끝남,2021. 1. 27.,악플
